x,beta,dbeta
1.02,2.24327,0.00831886
1.06,2.21686,0.00797227
1.1,2.20075,0.00998714
1.14,2.17497,0.00938547
1.18,2.13199,0.0105196
1.22,2.11644,0.0158722
1.26,2.08321,0.0185
1.3,2.01585,0.0209518
1.34,2.00369,0.0167014
